{
    "conv": {
        "Blutglucosespiegel":{
            "mg/dL":100.0,
            "mmol/L":5.6,
            "IU Insulin bei DMT1":2.5,
            "IU Insulin bei DMT2":3.3333333333,
            "IU Insulin bei Steroiddiabetes":6.6666666666
        },
        "Diazepam": {
            "mg": 12.5,
            "μmol":43.8996979701,
            "ml":1,
            "gtt":37.5
        },
        "Glucose": {
            "g": 180.0,
            "mol": 1.0,
            "KE": 18.0
        },
        "Haloperidol":{
            "mg":2.0,
            "μmol":5.3211302081,
            "ml":1.0,
            "gtt":20.0
        },
        "Clopixol":{
            "mg":20.0,
            "μmol":49.8790433199,
            "ml":1.0,
            "gtt":20.0
        },
        "Laxoberon":{
            "mg":7.5,
            "μmol":15.0174202074,
            "ml":1.0,
            "gtt":15.0
        },
        "Melperon":{
            "mg":25.0,
            "ml":5.0
        },
        "Nozinan":{
            "mg":40.0,
            "μmol":121.7767223795,
            "ml":1.0,
            "gtt":40.0
        },
        "Paspertin": {
            "mg":4.0,
            "µmol":11.8955570095,
            "ml":1.0,
            "gtt":12
        },
        "Tramadol hydrochlorid": {
            "mg":100.0,
            "μmol":333.5112059765,
            "ml":1.0,
            "gtt":40.0
        }
    }
}
